{
	"day": "Sunday",
	"anger": 0.092533,
	"disgust": 0.009252,
	"fear": 0.081418,
	"joy": 0.908085,
	"sadness": 0.125333
}